Job Title,Company,Location,Apply Link
Senior DevOps Engineer,Prompt,,https://remoteok.iohttps://remoteOK.com/remote-jobs/remote-senior-devops-engineer-prompt-1089644
Front End Developer 1 year contract,Smile Digital Health,Remote,https://remoteok.iohttps://remoteOK.com/remote-jobs/remote-front-end-developer-1-year-contract-smile-digital-health-1089636
Data Engineer,HighLevel,Delhi,https://remoteok.iohttps://remoteOK.com/remote-jobs/remote-data-engineer-highlevel-1089551
Channel Partnerships Manager,Verusen,"Atlanta, Georgia, United States",https://remoteok.iohttps://remoteOK.com/remote-jobs/remote-channel-partnerships-manager-verusen-1089436
Senior Distributed Systems Engineer Security,Tenderly,Europe OR In-Office Belgrade,https://remoteok.iohttps://remoteOK.com/remote-jobs/remote-senior-distributed-systems-engineer-security-tenderly-1089412
Senior Software Support Engineer,CData Virtuality,"Chapel Hill, North Carolina, United States",https://remoteok.iohttps://remoteOK.com/remote-jobs/remote-senior-software-support-engineer-cdata-virtuality-1089403
Growth Marketer,airSlate,,https://remoteok.iohttps://remoteOK.com/remote-jobs/remote-growth-marketer-airslate-1089388
Revenue Operations Specialist,Feed Media Group,Remote,https://remoteok.iohttps://remoteOK.com/remote-jobs/remote-revenue-operations-specialist-feed-media-group-1089387
Marketing Strategy &amp; Operations Manager,Arbitrum Foundation,Cayman Islands,https://remoteok.iohttps://remoteOK.com/remote-jobs/remote-marketing-strategy-amp-operations-manager-arbitrum-foundation-1089369
Data Scientist,Gauntlet,New York City / San Francisco / Los Angeles / Remote,https://remoteok.iohttps://remoteOK.com/remote-jobs/remote-data-scientist-gauntlet-1089360
